user_id,username,display_name,nick,bot
428436921761398784,theblindprophet,theblindprophet,,False
211750261922725888,basic_bit,BASIC,,False
155558764009881600,piratecaptain_thunderhook,ThunderHook,ThunderHook,False
1278729036528619633,Meeting Notes,Keeper of Voices,Keeper of Voices,True
472481275027128324,simpostor.,~ ğ‘´ğ’Šğ’”ğ’”.ğ‘¯ ~,,False
607300906974707733,alexavrgirl,"Alexa, VR Girl!",,False
804230451157925920,oatsbr0ther,Oats,,False
975465213392461895,jayjoneslive2050,jayjoneslive,,False
187301662518411264,riotzy,riot,,False
191001858486042624,djmurdokes,DJMurdokes,,False
1343176039492354121,tom098012,tom,,False
430929413157289994,jforceg,Sigaretto (JforceG),,False
272473440974536705,saltypancake101,Saltypancake,,False
1067858726876360725,viscositystv,Viscosity,,False
100629210992766976,wolffe,Winter Wolffe,,False
196593361916919808,musicalstory,Musical Story -> Megaplex,,False
133606365577871360,kawaiidouchebag,Kawaii Douchebag,,False
178618867260588032,justwik_,Wik,,False
178459816224751616,.sausau,Sau,,False
1189410645112795176,misaki4352,Misaki (ã¿ã•ã),,False
1237455192098865213,sleepy.dreamer.vrc,Sleepy Dreamer,,False
103767981187694592,mitey,Mitey,,False
159742741205614592,gahooligan,Gahooligan,,False
433620939268292608,nepvr,nep áƒ¦,,False
1206819550465757278,_kitrion_,Kitrion,,False
366896373733392384,hanahou808,Hanahou808,,False
444544868430381057,snnarra,Narra,,False
274495577020956672,rayumor,Rayumor,,False
1234896567006138555,kevinmodder.,Pixelmodder,,False
421443419064238107,marcosartorato,Popn Marco,,False
240872661385740290,vrpanda._,Panda,,False
1389238057185837258,tolulopej,Tolulope,,False
208814144466583553,walterh,WalterH,,False
142859968549224448,.insert.,insert,,False
182009410837544960,red.riding.hood,Red Riding Hood,,False
334527130631274496,djgearbolt,DJ Gear Bolt,,False
700842313236217878,cyto.kyn,CYTOKYN,,False
786218839066017794,brodokk,Brodokk,,False
216432461087768576,zajzoo,ZxjZxo,,False
765774198903275540,marcmarc17,marcmarc17,,False
872230101822099506,kittencake.,kittencake,,False
336275057347133442,.637.,ğ“Ÿğ“ªğ“»ğ“ªğ“µğ“µğ“®ğ“µ,,False
333363270519881729,aerith_mew,à¼’ Aerith à¼’,,False
1396001229292965908,smithbrown25,smith brown,,False
708969410626584596,wickedisgreat,WickedIsGood,,False
1377964318129262647,triggerhappy_78380,triggerhappy,,False
138815361733623808,venixia,Venixia,,False
768326686907170827,frog1181,FROG,,False
1205853993973317724,sharan_parkuaire,zainmane,,False
132290248582496257,becaring,phrog,,False
241263908571054080,aizendove,AizenDove,,False
105063134036791296,cursed.silver,Cursed,,False
179358664052703232,peachbight,PeachBight,,False
1372709279332569120,tommytoosue,Tommytoosure,,False
401161285666078720,beruflower,Beruflower,,False
939618981797572640,gg4rr3tt,GG4RR3TT,,False
265297463168991233,borderlinenightmare,Noctyys,,False
92321426446508032,_tamara,Tamara,,False
890895337584230420,mrsauce_01,MrSauce_01,,False
451187060330594324,kittenela,kittenela,,False
284471261898342400,kitkatsingsmeow,Kitkat â˜€,,False
1397887164833988769,coraxhalo.,Corax halo,,False
684262503642824745,zombiestrike15,ğŸ©¸â˜£D3VL_Zombieâ˜£ğŸ©¸,,False
330730897949065226,whoabot,whoatato,whoatato,False
293592464143679500,flycooper,FlyCooper,,False
964037487758548992,real_jin,Jin,,False
168187638363324416,alecsdyno,Alecs Dyno,,False
749876025193922622,khloe_myles,Khloe,,False
417508810866032640,.dolled,Dâ™¡LLED .áŸ,,False
187925010705285130,hyndal,Hyndal,,False
1333952682234220606,moonzier,M00nZ,,False
960107351866765312,senn_scream,Senn Scream,,False
375805687529209857,Streamcord,Streamcord,,True
226858910114381824,majima.san,Majima-san,,False
301978805742993418,pepperlegs,pepperlegs,,False
1236892304782921759,primpuck,PrimPuck,,False
786839620742152212,daisy_26699,DaisyğŸ’–,,False
935133875510837258,manekineko53032,ManekiNeko5,,False
775170178254110741,opheliaprime,OpheliaáƒšPrime,,False
404724099806658560,takinatamoonpaw,ê§à¼’â˜¬ğ•¸ğ–†ğ–‰ğ–†ğ–’ ğ•¸ğ–”ğ–”ğ–“ğ–•ğ–†ğ–œâ˜¬à¼’ê§‚,,False
464113589385429060,claw504,CLAW504,,False
315677129587163136,dustprince,duuuuusty,,False
1050892482642202765,bakedbeaner69,BakedBeaner,,False
193030106636091393,okamiyoru,OkamiYoru,OkamiYoru,False
425230683166998529,eshton.,'.â€“Eshton-.',,False
546501463053041688,notreallycheeks,Cheeks,,False
1340231069739515935,gaymingduo,Gaymingduo,,False
133336546249146368,xivayrilik,Ayrilik,Ayrilik,False
889098512564899870,Roles,Roles,,True
193905243522596864,mdbluebird,Fenrin,,False
755530866070913065,6502_,6502,,False
1343900708600283137,lisa_hi5170546_50774,lisa_hi5170546_50774,,False
316237726221467651,moonlitassassin,MoonlitAssassin,,False
648557399598301204,itsbeeby,Beeby,,False
1360157413323575429,daverogan.,Dave Rogan,,False
1083554892297277540,oo_el,oo_el,,False
1365464277577633822,sophie_marie12,Sophie,,False
554841161886597121,embex5,Embex,,False
1346835733809205329,eniola09741,â€”ÍŸÍÍâ˜…â„‡áµ‘á¸¯ğ—¼ğ™¡â²â€”ÍŸÍÍâ˜…,,False
134766549704769536,classwork,Classwork,,False
926425168841175072,kismet.vrc,~Kismet~,,False
916397258549895179,lennyjls,LÃ©nes Hopkins-ChÃ©ry,,False
464803406486437912,ciell030,á´„Éªá´‡ÊŸ,,False
372232971681398785,alexstb,AlexsTB,,False
723288959274320012,darkmooncat,DarkMoonCat,,False
171434033719410690,realrockysolid,Rocky (Vacation Mode),,False
596097612059246602,prime60038,TimeParty,,False
461628572516483082,hector5416,Hector,,False
1354645486123880508,alexdrinkswater.,alex,,False
1161747495215452282,yukey_.,Yukey,,False
505476180674215951,dima1q,ĞĞ½Ğ¸Ğ¼Ğµ,,False
536007004225798164,justerindale,Just Erindale,,False
351227880153546754,BetterTTV,BetterTTV,,True
313789478403702786,junnjunnjunn,JUNN,,False
92804996990500864,elliesaurus,Elliesaurus,,False
766208320541294623,skylarjblue_20,ğŸ’™Just a Touch of Blue ğŸ’™,,False
1269070658189529140,mouziowo,mouzi,,False
670163440949788672,.osiris.,.osiris.,,False
924356384223547495,sun_child03,â˜€The Lights Gremlinâ˜€,,False
397652768703381525,zane.2345,zane.,,False
184831007327911948,rootscastic,RootScastic,,False
324328582237126656,fullmetalgoat,FullMetalGoatğŸ’€,,False
379012855997136897,amyrainboom,AmyKindQueen,,False
501948655834759195,stargirlvrc,Stâœ°r Girl,,False
264292721542430720,mrmaximus97,MrMaximus97,,False
301903703282286593,shirotomo,Shiro Tomo,,False
1047746730835324968,tinylovercookies,â™¡ğ‚ğ—¼ğ—¼ğ¤ğ¢ğğ¬!,,False
1390305449949008014,elowen8934_,Elowen,,False
738288276753874984,frankenhoomie,Alisha_Anasthasius,,False
454643747771121674,tsutsume_,Tsutsume,,False
821214940719218720,mrwattsvr,MrWattsVR,,False
140961604173955072,karara,karawr,,False
276136241916018690,at_co,~Atlas,,False
633012337519099914,taglog7,taglog7,,False
652258861583171585,mondocat,MondoCat,,False
525436840774336542,gaster04,Gaster,,False
169674718981390337,regenstorm,RegenStorm,,False
493020246580658177,moondoodle,Moon,,False
960912738492747826,g0r3g4l__,g0r3g4l,,False
1329052112801366159,williams042670,Williams (comms open),,False
192366497270595584,dusara,Dusara,,False
752096054991781898,scorpthrax,Scorpthrax,,False
728989715113705582,ph6801,Pedro,,False
1022547160975294566,n0cturnal._,-Nocturnal,,False
445933839139733505,jesterjoke,JesterJoke,,False
328726304876658690,alexa.rose,rÃ¸sÉ‡,,False
871933441275486289,agressivedisco,Killua,Killua,False
685743363940679705,jewfrosamurai.,JewfroSamurai,,False
283307534477950987,thalio,Thalio,,False
978303196466397215,seen__it,Seen IT,,False
1330113894504468558,carolferguson_,Carol Ferguson,,False
1037506503738937426,anon3ko,AnoN3k0,,False
1177805056754597982,acechat14,Acechat14,,False
768660649135439882,xll_trouble,TrÃ¸Ã»bÅ‚Ä™,,False
359948470569926657,stizzz,Stizzz,,False
1286141685822394420,rosemary0436,Ann,,False
1274375280814723077,ogjaquency,OG Jaquency,,False
1106943200469463140,accord1891,Function,,False
261953445198561303,rubixcreates,Rubix,,False
601269898340990997,fknbena,Bena,,False
377908614788284416,noveltynaty,NatBell.,,False
892591892024406097,jjairo1953,JJairo,,False
140517320698101760,shimbashistation,IXA,,False
1161819867373121557,_noxraquel,ğ•½ğ–†ğ––ğ–šğ–Šğ–‘ğ–ƒà¿,,False
77519090310197248,soulvictus,SoulVictus,,False
482161138377949194,souluna,SoulunaMia,,False
938884800964624494,areamitsu,AreaMitsuğŸ˜ˆ,,False
1272273906342035591,culturedplates,Cultured Plates,,False
680208172979585050,bleachstreak,Bleachstreak,,False
622302876647030795,grin.n.bareit,SourSang,,False
161485345265942528,jansey_vt,Jansey_,,False
146922902170632192,keellshin,Keell,,False
319573173815345152,kittybeanzzz,áƒ¦ğ“œğ“²ğ“¼ğ“¼ ğ“šğ“²ğ“½ğ“½ğ”‚áƒ¦,,False
121121229535969280,misspoptart,poptart / auri,,False
208597737632038912,persafunktant,Persafunktant,,False
321110894618607617,moomievt,Moomie_VT,,False
1388779646119841852,advsyednaeemshah,Syed Naeem Shah,,False
126034595882860544,chowchow21,ChowChow,,False
919914140670234634,nekobro_123,Neko Bro,,False
1286673351862911047,upperechelon_321,Upper Echelon,,False
259153735006158848,thecastlevr,Castle,,False
1222293216468926625,pinkicloud,PinkiCloud,,False
230195302395543562,docphobic,Jack Slothington,,False
1016725161157857332,noxxynyte,NoxxyNyte,,False
441264170764337163,ultra50cal,UltraMekanic,,False
640974319022899230,eyrar.,eyrar.,,False
119480276748468224,loronus,Loronus,,False
109386928834523136,ayoh.,AÌ²yÌ²oÌ²hÌ²,,False
216987965304340481,slowflood,slowflood,,False
240018415207579649,tris_vr,Tris,,False
150338531582148608,notarobotcat,Xanori,,False
778145332139524116,zenjiguru,ZenjiGuru,,False
558746018632564739,pukestagram,herds,,False
219468837718982656,jayconius,Jayconius,,False
376461010904547358,sekiera,seki,,False
698649735417823423,sham_67,Sham,,False
124529348823744512,pronox_,Pronox,,False
700373107843661841,hotaruchim,HotaruChim,,False
387399668008484864,smallfry3694,SmallFry3694,,False
1346224490878730388,aaliyah2000_22254,Aaliyah,,False
358920950416408578,.prince.casanova.,Prince Casanova,,False
728133624628641872,shadowwolf3499,Shadow~Wolf,,False
383123978631249920,.rivlia,.rivlia,,False
280165854254202880,alesnya,Alesnya,,False
340304794445021186,mismos,Mismos,,False
1354273521710137476,mookiemuu,âœ© VeVe â˜¾,,False
1273628704698011660,ellie_66137,ellie,,False
111368640581951488,poibutler,PoiButler,,False
315172067207020544,hekishi,HEKISHI,,False
952055222811906119,woowanghama,ìš°ì™•í•˜ë§ˆ,,False
1346976167546322944,mariae08,à»‘â‚Š Ëšâœ§ï¼­ÄƒĞ³â„¹ğ’¶Æê’·ê’¦â€§â‚ŠËš,,False
850969349590220800,beckielovesbeckie,Rebecca,,False
804859796352270337,trxepic,Trixi,,False
260059517599875072,krisella,Krisella,,False
368090843204288523,davosnl,Davos,,False
1079503476175933470,nimueh_blade09347,nimueh_blade09347,,False
195150503338967040,hyperinactive,hyperinactive,,False
1365399596398022768,zlyuka0452,Zlyuka,,False
204572389206523904,qry99,qRy99,,False
618060042695868444,midori52,Midori52,,False
1042470110926999552,y_kiko,Yakiko,Yakiko,False
195901522343624705,woobus,Smol Person,,False
718893481107390485,julien8199795,julien819,,False
674114765492322305,merqtxxx,^^KiÏ„sà¸™Å‡eâ„•iÅ‡gâ„½ğ‰--<å½¡,,False
258255433645424642,alza,alza,,False
525154259461865472,yaoming890,ğ•¸ğ–ğ–“ğ–Œ,,False
1082215187672735744,mattchew123,MattChew123,,False
573570305960837122,cyeker,Cyeker,Cyeker,False
509187245362905109,.ceri007,~Ceri~ ğŸŒ¸,,False
1102744856750727190,rickybobbytheking,Pinky,,False
626393926273859596,syynthh_,Syynthh,,False
1368611151772127443,thomasjohnson0456,Wet,,False
359819140263051265,.moonstress,Moonstress,,False
175564616586231809,logainzy,LoGainz,,False
524511834103873546,darkgoaty,darkgoaty,,False
1351912622542291017,papicyb3r.,DDFxCoOwnerxCy,,False
964106782790283295,HammerTime,HammerTime,,True
824130324870856714,metaphira,metaphira,,False
114742471556071430,_gummy,gummy,,False
813964284068757544,dangerlights,dangerlights!!!,,False
693774418727534593,_grrraces_,Grace,,False
109515173127016448,krogenth,Krogenth,,False
951282679553343488,boostedblitz,*ğ‘©ğ’ğ’Šğ’•ğ’› ğŸ§¨,,False
307890244298997760,kingstalon,KingsTalon,,False
733908633716523110,mizu_k0223,mizu k,,False
247303487401099265,dashfinite,Dash,,False
512197628403122177,darilbalde.,Frenzy,,False
171718812532473856,suijgeorgius,Suij,,False
731626330747175093,2dorky4u,flamingc0nfetti,,False
1385044251825672202,sammykatie1211,Sammykatie1211,,False
832812863021907968,koiroi,Koi Roi,,False
105888285775134720,surichan,surichan,,False
1285656355021131792,phoenix051323,Phoenix,,False
401707607884038154,adikitty,Adi,,False
875220741149306921,aqua_teto,Aqua,,False
611142140449521674,switch2nintendo,Switch2Nintendo,,False
403480073656860672,kulimuh666,kulimuh666,,False
122530230962225153,ventilelorbet,Ventile Lorbet,,False
863151201499742219,luckynmb13,Luckynmb13,,False
591972520161312781,hana6151,ã¯ãª,,False
690995853103595662,ivisson5199,Ivisson,,False
584240109419757571,itdobe0ri,~Ori~,,False
136912528595877888,deer.girl,Steph,,False
1226900196076818543,i_am_neuxs,ğŸœ²ã€ âš ğ“˜ ğ“ªğ“¶ ğ“ğ“®ğ“¾ğ”ğ“¼ âš ã€,,False
328455051159011328,gobbu_,Gobbu,,False
357596328299200534,atomsk3282,Atomsk,,False
831481795434119208,alex.iii,Alex~,,False
275602113176797186,clyd3kris,clydekris,,False
411343843280158741,talontsm,TalonTSM,,False
726551296118751323,kiranros3,Kiran Rose,,False
1359636170614509618,hannah_vrc0_08533,Hannah,,False
1244914989114855540,shadowblade82,shadowblade0,,False
486916207300182037,lowdisan,Lowdisan,,False
166322439351959552,ashmoney69,Ash Money,,False
1304519277323489402,devon002,ğŸ¶ğŸ¼ğŸŒ»ğ™·áµ¢ğ¦Ä…ğ•£Ã¯ğŸŒ»ğŸ¼ğŸ¶,,False
942882012618956800,wisherbythewell,Silence,,False
172577052367650817,rubyrose2077,Ruby Rose,,False
913600885379182674,umhkaywutevr,umhkaywutevr,,False
212026025947824129,trickle528,trickle528,,False
263083592274542600,artyjaywolf,ArtyJayWolf (RJ),,False
1130250222744907806,weekend_getaway,weekend_getaway,,False
176393506326183937,itachitheangel,Itachitheangel,,False
1387563863465005107,byronpennington_44717,Byron Pennington,,False
302858005873950722,cjjj,CJJJ,,False
508397823952289794,nova_z3r0,NÌ·Ì¿Ì‚eÌ´Ì‘Ì¿kÌ·ÌƒÌƒrÌµÌ‚ÍoÌ´ÍÌsÌ¸ÌƒÍ›9Ì´Ì‡7,,False
598285474599141426,violetgold,VioletGold,,False
1245042936127684659,rocy779,Rocness,,False
326105694279434241,xiiro,XIIRO,,False
202298261615280138,rosettawolf,Rosetta Wolf,,False
530232670207344641,b.jet.,Biddy,,False
111851481329627136,metaldragon416,Metaldragon416,,False
1300678857275211847,oesam_72021,oesam,,False
1266867318533652604,olad0184,Olad,,False
498978102903308300,bahamut_0,Bahamut,,False
216228896025083906,princegriffon,PrinceGriffon,,False
908106740875296779,hreyan5259,hreyan,,False
307280950801334282,kongouluis,Kongou Luis,,False
1069990002437660732,licher0825,LÃ¼cher,,False
294315034035748865,ponomaniac,PonoManiac,PonoManiac,False
251498782141841408,nyxevi,NyxEvi,,False
195378741289943050,ak1res,Akires,,False
862832427936645141,Indifferent Broccoli Bot,Indifferent Broccoli Bot,,True
320905770097049600,yutahma,Yutah,,False
237314500523458560,voltiec,Voltiec,,False
878724312297775124,1.ghost_.,âœ§.*ğ““ğ“»ğ“¸ğ”€ğ“·ğ“²ğ“·ğ“°*.âœ§,,False
130570578028527616,danofer,Danofer,,False
277192063702007821,mrbanana,MrBanana,,False
412988324723032074,unifiction,BillyBoy,,False
196093399688937473,cheems_doge,Cheems Doge,,False
832769069764575322,spyy,spyy,,False
227975901684563969,pillowcandi,PÌ¶iÌ¶lÌ¶lÌ¶oÌ¶wÌ¶CÌ¶aÌ¶nÌ¶dÌ¶iÌ¶,,False
282757724771713025,lotus7084,Lotus,,False
1002227868685844571,sk8rpunk4ever,sk8r,,False
407788360728313866,novahyphen,NovaHyphen,,False
1325579039888511056,Tickets v2,Tickets v2,,True
785247036618309643,the_fracture,Fracture,,False
844230427946385489,dymplz.,dymplz,,False
894758089675378719,fig3d,Fig3D,,False
629133333472739328,spookinami,spooky,,False
889408628539408415,skyesage,SkyeSage,SkyeSage,False
1337261272420581447,2744400yuyu,yuyu95,,False
1207410822884626463,kaitonial092,Kaitoniya tunishoa,,False
211520142016905216,mofaka,Mofaka,,False
771954395390279692,spookyamor,â™¡Spookyâ™¡,,False
542943903091785728,slipcool,slip,,False
1300686993474453598,poke_92562,Poke,,False
369194973419143179,honkeyz,Honkeyz,,False
267026086318178304,squishyfoxyy,SquishyRaccoon,,False
229972125241311232,sam.major,CMajor7,,False
736755805453418627,_iimonichouii_,â€§â‚ŠËš â˜â‹…ÊŸÊÊ€É›â™¡ğ“‚ƒ à£ª Ö´Ö¶Ö¸â˜¾.,,False
1176880628856270968,unhingedfilth,Unhinged filth,,False
230761493732261888,kittykatara,Katara,,False
511176551417511939,d13on,Dieon,,False
155439139603480577,bionicblue,BionicBlue,,False
979230687259394088,angelcaakkee,Anyel,,False
285448000191332373,kapf_,Kapf,,False
148745430996353024,elkeila,Elkeila,,False
128084685971652608,leewa,Leewa,,False
215954273920483328,passtheketchup,passTheKetchup,,False
1021827625766879292,_ummm_ok,DAIBLO AN JINKOO,,False
992148503511965706,suwujo,suujo,,False
1089672950468333578,retche_,Retche,,False
193980084972027904,zombiepunk420,Zombiepunk~,,False
430784068439900200,aseveneleven,A Seven Eleven,,False
280518867464224768,royaltyfish,Anchovy,,False
851225163377803275,damianalvez,Damian Alvez,,False
526864013401915402,halfnhalf_madam,halfy,,False
319156308987215872,dukelucifuge,Duke Lucifuge,,False
1072966355973840946,laika_wolf,Laika,,False
1370145173413171333,knockoutlove,Wraith_VR3,,False
396478936982224918,skullcandycrusher360,SkullCandy Crusher 360,,False
333702471732035584,alsokneauxnas,Also Kneauxn As Dad,,False
1310616823829631081,elecholic,elecholic,,False
1021197626831544333,captainzane91,ğ™•3ğ™‰ğ™•1ğ™‡ğ™‡ğ˜¼,,False
932905507717537832,brabobrabo5606,brabobrabo,,False
388466737944854529,sathendron,sathendron,,False
351914860940099584,.neevel,Neevel,,False
1305874072491655260,balamy_54143,Balamy,,False
259769406819663873,minz3,Minz,,False
279553926590758912,le_pocket,Le_Pocket,,False
775174524164898856,merlady05,MerLadyğŸ”±,,False
1266227231487950941,nobonetyrone,No Bone Tyrone,,False
1394042123250045129,maryam008519,Maryam,,False
282609583837675520,zanderino_,Zanderino,,False
547131555471032321,blackatlucky,Blackatlucky,,False
461667583297454100,lydianmelody,LydianMelody,,False
1042738962160177192,rurikia,Ruriki,,False
464140239229681664,tex2d,Hona,,False
471692617785278479,micchan20xx,micchan,,False
584062387791855647,zansumkai,zansumkai,,False
175888382310875137,chunchunmaruvr,Chunchunmaru,,False
828185531980316674,nekomari.exe,Mari,,False
708145548976455680,sqveeb,Sqveeb,Sqveeb,False
1273803336654782486,warfurry_19928,warfurry,,False
922598815310184479,michaelderrick226,michaelderrick,,False
146499912874459137,.cheebi,Cheebi,,False
698002850936127513,poro_chucker,TIMMMAEEYY,,False
314974468139122689,mint.vrc,Mint,,False
305408899878486016,speckledjim.,Speckled Jim,,False
478812199452934144,king_satan,Satan,,False
769417372817555466,ttvlunaeclipsee98,Luna420*+,,False
698035872775536661,nitsy_02,Nitsua02,,False
1146844956137377817,thecoolerorbwiz,the cooler orbwiz,,False
216296575381667852,mintplz,MintPlz,,False
244928862989844481,sneakyori,Oreo,,False
1288959786154590363,willgold37,Will Gold,,False
923450430833438740,colon8163,colon,,False
562731605844819980,optnihilist,Optimistic Nihilist,,False
192060600384356354,kensong05,kensong,,False
919755184828190741,geedis0690,Geedis,,False
292752143872557056,iamsharkbait,ImSharkbait,,False
125385033652371456,theedarkangel,Darkangel,,False
867909157309796372,richierich3592,Richierich,,False
391309456874536979,zaracream,HinaMinaMew,,False
1154071615953449074,foxipawz,Foxipaws,,False
1004230824960467014,novapie,NovaPie,,False
1072549073464344658,borchel,Borchel,,False
231597974118072321,superfegelein,FegelStationâ„¢,,False
1303319878668779550,bill.stretch,Billy Bee,,False
1050806001923805284,howhighismori,Mori,,False
588109948433465347,sophstellar,sophstellar,,False
831383622199541790,danielmight,Daniel Might,,False
250186198763569153,mondoscope,Mondoscope,,False
325447937499070466,nastynash,NastyNash,,False
803042661354438656,satori123,Satori,,False
1001702865573781524,.kawaiii_senpai.,â˜¾â›§ï¾‘ï¾šï¾‘ï¾šu â›§â˜½,,False
951917092221911110,angelreapers,Angel Hybrid,,False
226937908773388290,techbun,Techbun,,False
344915124102103060,jingvr,JingVR,,False
964367021632520202,incendio7133,incendio,,False
792199525224939570,dataphiles,dataphiles,,False
1319514920445939766,narubottom,NaruTop,,False
1169179645095198750,dearmooncakeslice,Uppermgtâœ¨,Uppermgtâœ¨,False
461291157595619329,zzzaralol,ZZZara,,False
415994722092318722,sussyplus,SussyPlus,,False
198907177857974272,neiyah,Neiyah,,False
322200295624933378,stuncrossover,StunCrossover,,False
331560406197862401,anikavanderheat,Sinasstra,Sinasstra,False
221475839156420609,wh4tth3huh,aROCKbyday,,False
330305779263471626,haxtormoogle,Haxtor Moogle,,False
167472721049944075,harken,Harken,,False
741682757486510081,RoleBot,RoleBot,,True
1359119086583287819,naxa0049,naxa,,False
400132046674198528,vlel,VLEL,,False
301838310383550488,neptuneorbital,Neptune Orbital,,False
159530115750035466,jemstone59,Jemstone59,,False
216317595190689792,chemicalemi,ChemicalEmi,,False
464115195854192661,.bikan.,Bikan,,False
476780145315676180,tippywalrus1953,Tippywalrus,,False
285191647006818305,bethargic,Bethargic,,False
385598212880465920,shelflifeexpired,ShelfLifeExpired,,False
260632238943764482,oxsti,oxsti âœ±,,False
713459527739244616,seirahinote,Seira,,False
1321802792414871616,me0wku,ğ”¹â„ğ”¼ğ•ƒğ•ƒ â„™ğ•Œâ„ğ•€ğ•€ğ•€ğ•€,,False
606355474434097162,jemmievr,Jemmie,,False
597580558700118029,edge_case,binny_,,False
180796908824952832,chatmans,Chatmans,,False
1146167215670972517,salem_wcomplex,à¼’Salem_WComplexà¼’,,False
175037233605246976,flying_stitchman,Flying_Stitchman,,False
234921079561388033,xzahlix,xAngelx,,False
262793798671794177,pouffypuff,Æ¬rinÆ™et,,False
1056785305811816508,._juless_.,Mini Fridge,Mini Fridge,False
344831252135804928,jaina_organa,Jaina-Organa ğŸŒ¸,,False
1037305990145638460,emmypro.,Emmydis,,False
1127916757030535361,vercasnow,vercasnow,,False
1114449421116112968,deejayredjared,deejayred(Jared),,False
475072265403236363,auserene,auserene,,False
582644969324544036,nullx0,Null,,False
160517021816061952,meganolomaniac,MeganolomaniacğŸŒ´ğŸ¥¥,,False
366070007408492545,grant_h.,Grant H.,,False
167880108034621441,notanarsonist,Not An Arsonist,,False
837182795813879818,feraalg,ï½†ï½…ï½’ï½ï½ï½Œï½‡,,False
1286667232713379902,eppie_67501,Eppie,,False
674134379894669312,sliiva_,Ğ¡Ğ»Ğ¸Ğ²Ğ°,,False
721171173286871061,jeffe333,jeffe333,,False
187267645777641472,deravorn,Deravorn,,False
328409161916481536,dascus,Dascus,,False
500658624109084682,Emoji.gg,Emoji.gg,,True
177930966252257290,pendikun,~ Pendi ~,,False
646897497654034436,chips_tm,chips,,False
805373016334794763,chiffondeer,Chiffondeer,,False
883886418391343144,sleeve5318,Otherjackets,,False
1373510193119363182,BASIC Scraper,BASIC Scraper,,True
351360773949358081,calixlix,Calix,,False
469760379547942912,ubifixyourgame,UbiFixYourGame,,False
359427103738822657,couch_dragon_,Couch_Dragon_,,False
1094067653775204413,starry_owl,Starry-Owl,,False
105427667146293248,kiotakashi,Kio Takashi,,False
419281753782485034,jackel2680,Kona,,False
759683238368378882,zzaya,Zaya,,False
627588473729056769,.love.,ğ”ğ”’ğ”™ğ”ˆ,,False
410149402989035521,murdayalife,MurdaYaLife,,False
310302729979559936,introxverse,IntroxVerse,,False
435298328628953089,whiteswan154,whiteswan,,False
299329673400156171,potato_kj,Kyra,Kyra,False
114999108996956165,neon_snipe,neon snipe,,False
1329027687209107456,naa0437_99473,QR Code master,,False
466175699640778752,kaboku_k,Kaboku K. ğŸ‘‘,,False
177766183775240192,punkarts,Punkarts,,False
884929323486814219,mousewuzhere,Ğ¼ÏƒÏ…Ñ•Ñ”,,False
468455225523437578,vita.aetheria,â™± ğ¯ğ¢ğ­ğš,,False
146847835944517633,ropaii,Ropaii,,False
647848495465758722,.huggy.,Hug æŠ±æŠ±,,False
99263497816268800,xbloodlily,xBloodLily,,False
409206854552387594,djdragons.,DJ Dragons!,,False
388864412624093214,trippyhelix,â‚®â±¤á¥â‚±â‚±Æ” â˜¯,,False
337298470086115338,iphel,Iphel,,False
317184231912636418,kluskabogoow,Noodle,,False
323128813401931776,diesel_tm,dieselâ„¢,,False
794754472013594648,.sstarlight.,.StarLight.,,False
604551588614373399,snowy_death,snowy~death,,False
968472429611581490,my.second.account,Ruby Quartz second account,,False
1038955501360259112,march_barks,march,,False
597233123650043914,ayano_ayumu,Ayano,,False
826656762128105503,tee100,-Tee-,,False
207490141235838976,bullraid,Bullraid,,False
897850803379900476,beekaylee9161,beekaylee,,False
718663394013741056,trinitystarchild,Trin,,False
206146702464385024,gabrielvis8,gabrielvis8(fwa),,False
1347653922910769172,james54747,JÃ mÃ©s,,False
222889060606148608,krazeadoo,SpacedFictional,,False
1201321120469618733,datboisunny,Sunny,,False
1232382403331231828,kimacolee,KimacoLee,,False
101499886884651008,no_44,â„–. 44,,False
303335320391385088,puzzlecrawler,puzzlecrawler,,False
249373049214861313,hypophrenia,Hypophrenia,,False
1207982695443861514,katmat96,katmat96,,False
709677436085731339,.hobobob.,hobobob/gary.oak,,False
721791521921302530,marshmellowsssss,! É˜xÉ˜.É”iê™…um,,False
730471853398687834,stellifer_,stellifer,,False
240204658121900033,2udox,Pixel ğ¨€ á¨,,False
1283301171246796815,plasticairlines,PlasticAirlines,,False
559145062248742944,webella_,Webella,,False
656621136808902656,Birthday Bot,Birthday Bot,,True
191802233837322240,furryfeline,Feline,,False
425849092309254144,enbyspaceship,Fries >:3,,False
106429894430302208,merton,Merton,,False
964624470985826374,Tickets,Tickets,,True
98146824971366400,unbreakableb_vi,unbreakableb\Vi,,False
610680155186135050,yawnar,yawn,,False
902420145199263744,latoxicamia,Latoxicamia,,False
552165109406105609,lore_,Lore,,False
1384644473950179380,wise_possum_00871,Ori,,False
371293082253262850,firxno,èµç¦ / ğ“•ğ“²ğ“»ğ”ğ“·ğ“¸,,False
1109977583522689066,VRSVP,Timekeeper,Timekeeper,True
312315672522784778,pushingdaisy,pushingdaisy,,False
1386830161571221605,jamesonvrc,jameson vrc,,False
1023775783040335872,mr.tipp,Mr. Tipp,,False
547572943614509076,sassy_charline,Sassy_Potatoes,,False
414077486347976705,nana_wunsek,Nana | Wunsek,,False
273601962337894401,msquez,mayseeeeeeoh,,False
780157044195459102,notsozenzeneth,NotSoZen,,False
278217168489807873,neon.lia,Lia,,False
1118233964616888402,kingofgrime,KingGrim,,False
1327569739035181076,sergeantmuri,tee jay,,False
1382373250956398693,dream_41307,dream,,False
319180375790321666,mr_pandaplaz,Panda,,False
410270160406970369,nekoyori,Nekoyori,,False
366780636356149270,sunder016053,Sunder01,,False
224164830636933120,exous_solus,Exous_Solus,,False
426103935263178761,sl_saintsnow,ã‚»ãƒ³ãƒˆã‚¹ãƒãƒ¼,,False
1333623165519265934,balimeerah,Meerah ğŸ˜˜ğŸ˜˜ğŸ˜˜ğŸ˜˜,,False
1352973682045095946,codeth0490,codeth,,False
770214808477237260,butters40,Butters,,False
171787814545915905,wardragonthomas,wardragon thomas,,False
498127683092348928,jacobh1401,Jacob 0ff0,,False
207925434405355530,qrinthefirstjello,TheKyurin,TheKyurin,False
1118536593578401824,brazkmagno,Brazkï¼ˆãƒ–ãƒ©ã‚ºãƒ¼ã‚«ï¼‰,,False
1073942566061482015,uslace,Uslace,,False
1245196799795527720,hangman_merchants_21368,Gothicboba13,,False
1099544873364889732,blissfulasperations.,ShroomyBliss,ShroomyBliss,False
558835237002674181,mochicrunk,mochicrunk,,False
496283523368353802,gomeisa,Gomeisa,,False
1375318357544534058,di_user25,Brownie,,False
971520122583916624,yunggies,Yunggies,,False
920907825729921035,themisakii,Misakii,,False
680464159392923814,guac.a.mole,Guacamole,,False
197136137624485888,chelzeedistract,Chelzee Distractions,,False
631683224573181954,scaryrabbit0,RennmÃ¤use,,False
564560653268942865,naomifan13,BunBun,,False
169825875364151296,sneurlax,sneurlax,,False
806799199408357376,echosonata,lova,,False
533866051939860481,wildechiild,Wildechiild,,False
820358503415021598,marcelina._.,"marshmaline, the campfire queen",,False
1358934450909741088,yurei_vrc,Yurei Rkka,,False
257287758236614666,iceleopard,CaratğŸ´^,,False
186743318372155392,haepax,Haepax,,False
1267047431699304489,laars.jr,safwan vivi,,False
619594872877350913,djarcticfoxx,-ARCTICFOXX-,,False
823852739271327744,bastian.exe,Basti,,False
1075032073812844575,kyuso_vr,Kyuso,,False
586888685794885632,raid1487,Balamy,,False
168786493895081985,sawduplushia,sawdu,,False
435315138694742017,opendegree,opendegree,,False
1389577075278479540,jordan_lark,Jordan Clark,,False
991368366117888130,jean_d_nim,Jean D'Nim,,False
1062396951351546016,eslaifer,Eslaifer - Imitando la realidad,,False
416762886317408266,mango113097,asuna,,False
1348719036673953995,rauolduke0205,Rauol Duke,,False
192870373392515072,wefow,wefow,,False
1106188471707635792,shinymegakarp,Magikarp,,False
827668912278863873,.smoggsy,â™¡ ğ’®ğ‘€ğ’ªğ’¢ğ’¢ğ’®ğ’´ â™¡,,False
185523939684909056,decaycrow,Crow,,False
732014497782562857,mochi_bun,Bun Bun,,False
394698576468377600,ricepudding8089,Rice Pudding,,False
226984546984263680,kenika,Kenika,,False
896911505667289138,kyouki002,Kyou Ki,,False
1375618287232094272,gipsee_reaper,Gipsee_Reaper,,False
975252381237387264,myzus1977,MyzuS,,False
225102308910956544,chimericcurios,Chiimera,,False
1100536276505071636,bloo_d_vvmpyre,BLOO-D (of VVMPYRE),,False
138447456550518785,gunblader123,Gunblader123,,False
415286351198421012,kagamiryuu,Kagami Ryuu,,False
435683841148059648,sapphicawoo,Cacklecore,Cacklecore,False
733632788892483595,evelvin,Evelvin,,False
806182028977897552,arkmio,ARKMIO,,False
371987895814455326,blenderenderer,blenderenderer,,False
459804046845280287,raikouakki,ğ–—ğ–†ğ–ğ–ğ–”ğ–šğ–†ğ–ğ–ğ–,,False
232326175786008577,___night____,~ğ“ğ“²ğ“°ğ“±ğ“½~,,False
286666340402462730,kiwifern,kiwifern,kiwifern,False
184380555452743692,jaymie2d,Jaymie2D,,False
480427349351989248,jyther,Jyther,,False
316614396421996545,athena_vr,Athena,,False
703795674746978325,hectron__,Hectron Ace,,False
1346054564083793985,stoicmuffin.,StoicMuffin,,False
749680809312780399,.jothegod,jothegod,,False
384020979380256773,e.heckler,E. Heckler,,False
721412310601564160,zeuxkradabest,zeuxkra,,False
1222907473539764258,seaice2000,SeaIce,,False
1306590865334206495,darlingchief,Darling Chief,,False
147124796050767872,bgelom,bGelom,,False
167363581954752513,emil7th,Emil,,False
299843010386984981,foxoneo,Foxoneo,,False
210188515076472833,shinastark,Shina,,False
337949928091287552,yonnnana,yonnnana,,False
168224857459261440,introverty,Introverty,,False
504872456356364318,coffiekrow,CoffieKrow,,False
348095816881274881,funpredictable,Funpredictable,,False
1400141953324028034,46ganiu,à¼’ğ™‚ğ™–ğ™£ğ™ğ™ªà¼’,,False
540943587999875082,aswanontheinternet,ASwanOnTheInternet,,False
1259383545206538311,rahmanjamaal,Rahmanjamaal,,False
128887899180630016,isamuthefox,Isamu the Fox,,False
475438617972703242,hikarino,Hikarino,,False
657825094298632195,_arabella,Arabella,,False
1370388245321351218,chris020418,Chris,,False
118853917726605312,p1anetpluto,Pluto,,False
586813769544499210,sinnavox,Sinna_Vox,,False
88318532516851712,edge1337,Edge,,False
1012576382200598579,joa.joa,joha,,False
185583809025015808,nyxianchaos,NyxianChaos,,False
567296253973495819,rickgho5t,Rick,,False
252609114411237378,deskies,DeskiEs,,False
1081719801736605716,ieatbutt4fun,R Kellyâ€™s bladder,,False
891354579709603901,_dancy_,-Dancy-,,False
187537120112541696,.splat,JoyfulDecay,JoyfulDecay,False
852801095923007488,nomoreuse_.1,delete,,False
262013028394860544,filthyg,FilthyG,,False
964012775481425930,vitali1588,vitali,,False
464591110245974016,dj_clout,CLÃ˜UT  (ã‚¯ãƒ©ã‚¦ãƒˆ / Kurauto),,False
552341108303069217,cosmic_lily,CosmicLily,,False
146475807752192000,afflictiontv,AfflictionTV,,False
642019653165776896,com_turtle,Com_turtle,,False
218109568637599744,lookitskitty,LookItsKitty,,False
370323793417207809,mikaookami,Mika,,False
293161147568226305,mo_867_5309,mo_867_5309,,False
1370966813302718547,barbel05416,Barbel,,False
1333918925364269087,dust5632.,Dust,,False
662522515876478986,thunderball7,Bunny Thundr (Itâ€™s Bunny Time),,False
142602948092887040,stayawhile,Stayawhile,,False
363516054585999372,mack0_0,Mack,,False
282703937629454337,omegasol,OmegaSol,,False
868946497155244064,jakeleehubb5467,jakeleehubb,,False
1316991910774177792,powerful_dove_66807,# ğŸ— | community-posts,,False
277972787098943488,purplecat32,PÂµrple Cat,,False
384149389809025024,defiant5,Defiant,Defiant,False
961075035961950208,slashingninja_,Slashing Ninja,,False
1389533260488380556,sparkling_peacock_26601,sparkling_peacock_26601,,False
345245739246419969,salemthewolf,SalemğŸ©¸,,False
160155722305241088,trifecta.official,KÎ›Y  | ï¼´ï¼²ï¼©ï¼¦Îï¼£ï¼´Î›,,False
1372020898244329629,lila__11_84757,lila,,False
1203840229971070998,cambria999,ğ” ğ”ğ”ªğ”Ÿğ”¯ğ”¦ğ”,,False
223659458268495872,docfortuna,DocFortuna,,False
155149108183695360,Dyno,Dyno,,True
1090279604142481540,paleshape,paleshape,,False
243342970332512267,ze_anakin,Anakin,,False
434252213158936576,arrowls,â·ArrowLSâ¶,,False
752920191163301999,mielthebee,mielthebee,,False
815406325303345152,hento3426,Hento,,False
646144619888902160,ariesarisen,.,,False
1070720438692487228,akramsabiq,Akram,,False
202632432917151744,synlogic,SynLogic,,False
535284876891521044,zael11.,zael11.,,False
184701592719589376,ayelwen,Angel,,False
305171741649666048,sharimun,sharimun,,False
1206954499730575430,rumtx,racist t-shirt âœ·,,False
384491311085912074,xxx.nova.xxx,Nova,,False
1082408549935743029,xoetan,ê©œ .áŸXOETANâ‹†. ğ™š Ëš,,False
729730900811710536,5andra,5aNdra,,False
340588959971409923,stickyprisms,stickyprisms,,False
203703688227848192,geeknificent,Geeknificent,,False
1070189091871805461,vinzeluck,vinzeluck,,False
1213633317501534258,ge.mi.ni,gemini,gemini,False
355103265089650694,ash.the.earthling,6 á´… á´‡ á´  Éª ÊŸ 9,,False
184025526178938880,ninjanex,NinjaNex,,False
402364377287884812,mallowayy,Mallow,,False
180340126944067585,airbee_,Airbee,,False
542609236786544651,freecave,freecave,,False
687646911427248131,synistal,Synistal,,False
1120080994029019136,ca6hmade,ca$hmade,,False
349224593573281792,goldsberrie,Golds Berrie,,False
286697286321569792,nightshadelenar,NightshadeLenar ğŸ”œ MFF,,False
461357150032363532,transvelmadinkley,Tulip,,False
1303730397129084998,youngsmith0544,Young Smith,,False
1138145980684976249,lollipopcop9299,lollipopcop,,False
217254380754173953,vertebrae.,Vertebrae,,False
355526583613784065,nyappymiku22,KpopSimpQueen,,False
343785972099448834,itzspookey,itzspookey,,False
331604530238062593,moricalliopehlen,RosÃ©,,False
251023683169157121,fighter2424,fighter2424,,False
183062870681059329,xespera,Espera,,False
261014673678270464,kitpup,kitpup,,False
283102779772502016,blackbelt33,Blackbelt33,,False
428654785311277075,kushywookiee,A-6  Kushy Wookiee,,False
749399857604591707,sunny_tsu,ÖSunnyÖ,,False
375127938288582659,dexi__,GHOSTNET,GHOSTNET,False
441346068433600512,val.snow,ValÂ® | Valley Cat Out Now!,,False
607474015694487553,mukechiltmal,Mukechiltmal,,False
804740624191324190,starcluster1231,starcluster,,False
191390939388968960,saint_dizzie,saint_dizzie,,False
306150307757555714,rukusraccoon,Rukus,,False
382993809686134807,notshini,Shini,,False
320043128088428546,miissa_,Misa,,False
976537320830419014,sarajai,JjynxX,,False
134603553900593152,magykrose,MagykRose,,False
155635276595724289,blahc,BlahC,,False
1170779362061209664,amber_lumorshard,Amber Lumorshard,,False
231055657464233998,grizzmango,GrizzMango,,False
152185947277099008,typhusmoth,TyphusMoth,,False
1399736783285125186,pixelfuryg,Pixelfuryg,,False
1083501324122984679,dooplplayer,Dooplplayer,,False
84895067550007296,vivienvoid,VivienVoid,,False
267536174443266050,fantomzap,FantomZap,,False
974616129228136478,chocolabs5585,ChocoLabs,,False
375835999122751498,founta,founta,,False
682577475489759252,mrbagular,mR bAgUlAr,,False
360523179225120778,lv99gamingwiz,Lv99gamingWiz,,False
998028298246434836,jinxdistractions,[JINX],,False
488866790039093249,ultrashark,UltraSharkAretemente,,False
903380664336928798,ChronicleBot,ChronicleBot,,True
111991318351265792,gahda,Gahda,,False
399155152734388226,zenathezen,ZenaTheZen,,False
343723831363371009,eldi.vt,Eldigan,,False
169968484263002113,madness480,meldarn,,False
287633169321295872,blackeyegames,Black Eye Games,,False
557200980584693781,kaemi_duet,Soyga1,Soyga1,False
225071551148589056,queen_of_hearts,Queen_Of_Hearts,,False
693035918126219305,csnoot,noot,,False
770890775415488522,ferrez,Ferrizz,,False
130800983608393729,geefee,GeeFee,,False
163910917870845962,dreivan,Dreivan,,False
119308788913143808,jojohmd,JojoHMD,,False
171057920006553600,n1ghtwalkerr,Night,,False
285060632468783104,ghostmagpie,GhostMagpie,,False
1117101730597961899,shae7026,-Shae,,False
459153700322148372,lividleaf,Livid Leaf,,False
1377412351833276436,remleh_94698,Remleh,,False
1267794253594230876,bijau_bali,ba_li,,False
513226168984403978,erroneousself295,Erroneous Self,,False
685765510352338973,.merew,Merew,,False
280538013312745472,ga3l.,AnkouVR (DND),,False
1381661770757963846,sophia_lories,Sophia_lories,,False
225867532634947584,leisurelypie,LeisurelyPie,,False
417530970649133058,mint_cookie,DJ CuteNessa,,False
1315210646480224357,mallboro0361,MallBoro,,False
1347797724094795797,shaemlyss,ShaemLyss,,False
228319212488228867,umaruuuu,Umaruuuu,,False
411576659351961601,indigoangel01,Indigo Angel,,False
215064644933386240,tarotreaderfrog,TarotReaderFrog,,False
885264390180446218,lovesealreal,Loveseal,,False
523573727716311040,delilah_4,Delilah,,False
591696430306033669,hotchedderphynix,HotChedderPhynix,,False
261608269758332928,gorehound666,Gorehound666,,False
142364379021574144,hottievr,HottieVR,,False
748513402372227102,fatherdragneel,Father Dragneel,,False
289910060207833098,chives1807,Cheyshimi,Cheyshimi,False
112878543939076096,silence5,Silence,,False
408978598318440448,plaggx,Plagg,,False
1264710195775275130,tammymcbride2708779,Tammy Mcbride,,False
202156771849142272,.teezee,Copeium_,,False
502663703012048896,zehnx1006,ZehnX,,False
886170431688704030,guillotines.,Guillotines,,False
1223069005770784780,heluvcass_,cass<3,,False
147892260577607680,rufiest,â„ğ•¦ğ•—ğ•šğ•–ğ•¤ğ•¥,,False
107570567015579648,evebynx,Eve,,False
1292048502930673714,gideon_4,Gideon,,False
167852549540544512,masina,Sweet,,False
859485845810446336,deadmonic,â›§âˆ˜â˜½{Ì´DÌ´eÌ´aÌ´dÌ´mÌ´oÌ´nÌ´iÌ´cÌ´}Ì´â˜¾âˆ˜â›§,,False
1331727720081657939,rusa00166,rusa,,False
533998421875490830,tesara,Tesara,,False
173302775889788928,srharte,SRSKY,SRSKY,False
984040825296138280,salti.puss,Salti_Puss,,False
330562210642395137,prettykitty345,Prettykitty345,,False
452720801427357728,_xxdarkwolfxx_,æš—ã„ã‚ªã‚ªã‚«ãƒŸ,,False
670009933219102726,cyro_xero,Cyro Xero,,False
649870789683970067,m3rl,.DJ AZ-5,,False
1244987619297722452,xxtaraxxx,xxTARAxx,,False
200491276087328768,castheman1050,castheman1050,,False
961869029222543411,supercircle2904,SuperCircle,,False
416698777089343488,crumblyneptune,CrumblyNeptune,,False
817332296930820097,horizon3667,Horizon,,False
1096507286953938954,echovrc,Echo,,False
338096263289372674,vastextent,Vast,,False
1362181428800000080,cajesjay,cajes jay,,False
145118489194135552,avataria1,Ava,,False
420660998849036309,peachfairy,iron maiden,,False
346421696137396234,elldrytch,Elldrytch,,False
294092482059304970,shadyspartan7,Shadyspartans7,,False
938573401201721425,VRChat LinkingBot,VRChat LinkingBot,,True
525055952899014676,twixses,twixses,,False
502361264140451850,jtguy1015,JTguy1015,,False
602720166047907861,devicteleko,Devic,,False
567523681337606144,zxanies,âºâ€§â‚ŠËš à½à½²â‹†â™±â‹†à½‹à¾€ Ëšâ‚Šâ€§âº,,False
712678759106478160,richabug,Richabug,,False
983616571010326528,.cthulhus.,ğ–ˆğ–™ğ–ğ–šğ–‘ğ–ğ–š,,False
342156033562771457,gallifreyshawkeye,di_alec,,False
344715236294787075,yanderemechanic,YandereMech,,False
1343121574903156797,angelic_vr,Angelic Reaper,,False
698854670650572802,joke232323,JoKe,,False
931456686076608532,eden02546,Eden,,False
470082489311035402,tisthename,Tisthename,,False
192761893239128064,.catz,G-Catz,G-Catz,False
1078020665371799702,writerbellah_40676,Tutor Bellah,,False
1345069753500434515,isaac_ou,isaac adetomi,,False
130357385452584961,evo_vr,Evo,,False
585581351529480212,lilgoofba11,Lilgoofba11,,False
449925830450348042,_._momo_._,MOMO,,False
626928874139418655,sporadic7462,Sporadic,,False
229715486680678411,dawnday,Dawnday,,False
523588621568311296,eakeak,eak,,False
122378718470471681,xenstroke,Xenstroke,,False
83962598545985536,praisetyler,PraiseTyler,,False
204740758681550848,larens,Larens,,False
295263099957673987,arainutopia,aRainUtopia,,False
165500471270834176,overlordsina,Overlord Sina,,False
145995931702001665,0xs3gf4vlt,0xS3GF4VLT,,False
508496859027734530,tristanhattada,tristanhattada,,False
128341064112275457,zombiedollvr,ZombieDoll,,False
1001979857086992434,erioxblood,EriOxblood,,False
129394001001447424,marcoyolo305,MarcoYOLO,,False
1316597451951702081,rolandvr.,Yuji,,False
259993071922446337,gizmowo888,gizmo888,,False
1314377647312343101,sakharov_40726,Sakharov,,False
1330558572584632333,bluberryyt,ğ”…ğ”©ğ”²ğ”…ğ”¢ğ”¯ğ”¯ğ”¶,,False
135691742937612288,ayeton,Ayeton,,False
333760639161860098,myehboop,MyehBoop,,False
439112134362923014,nyevius,NyÃ«vius,,False
173957569805549569,virtualshane,SHANEDEE,,False
1331396561456070747,FacelessBot,FacelessBot,,True
467187757232422912,toxicswise,ToxicSwise,,False
233815839806193664,foxyfoo,FOXY,,False
404154944929792000,xxlosts0ulxx,ğ’¦ğ“Šğ“‡ğ’¶ğ’¾ğ“€ğ“Š ğ’œğ“ƒğ“€ğ‘œğ“€ğ“Šğ’¿ğ’¾,,False
230838498754560000,link2x,Siytron // {ELSEIF},,False
526694934212771840,deliciousdeli,Delicious Deli,,False
1215347872623497316,starsrebellion,Star,,False
598237922428321836,kindaspe,Zephyr,,False
1042512124653600919,lunaratglobalmastersdotcom,Lunar  (the original)ğŸŒŒğŸŒ‘â˜„ (DJ),,False
318821349428822017,archantos,ğ˜¼ğ–—ğ–ˆğ–ğ–†ğ–“ğ–™ğ–”ğ–˜,,False
1203800955070709781,deepbluefish.,DeepBlueFish,,False
152897921380122625,kialee,Kialee,,False
736453436681486356,lliver,confession,confession,False
140239539720421376,xldgz,xLukez,xLukez,False
503982209783431171,ailamaster,ailamaster,,False
346048617741680640,.dwarfson,Dwarfson.exe,,False
102911741737828352,mitsukaki,mitsu,,False
560989441821507615,hatchbear,it bear,,False
1041855359092011158,bestcoffeebean,BestCoffeeBean,,False
773601111625957386,milosz_zawa20202986,milosz_zawa20202986,,False
921096787383713872,avisovo,Avis,,False
151507195035385856,lightningnyx7,LightningNyx,,False
289565828028825601,banbaro_2023,Master Trini,,False
1272681005446336623,captivating_fawn_83557,Han,,False
166770499211362304,andrew323,Andrew323,,False
217069029620318208,embryonic.synth,Embryonic,,False
138482568189313024,d_domic,D_domic,,False
176848720720035854,wubwuv,WubWuv,,False
410145776652648451,sagetea.exe,Ghostie,,False
903018650225758269,self_1nflicted,Self_1nflicted,,False
1257322670702202953,rare_pearl3_34649,Perle,,False
558178922001334275,doctormystic,DoctorMystic,,False
67443570428096512,lycanleslie,LycanLeslie,,False
216377866873602049,kaelasaskavi,Kaelas Askavi,,False
494780090681524245,jinxyjinxy,!JINX,,False
266423158737731584,sentaivr,Sentai,,False
540277730240102421,seaside587,Seaside,,False
148918129752276992,tobo.,tobo,,False
823693506861858849,ei7942,Ei,,False
930770250394398750,romankrashed,RomanKrashed,,False
515207334117769236,duckydancesvr,DuckyDances,,False
701505096525152318,djmagnum,magnum410,,False
190597268628439041,bellathor,Bellathor,,False
428711170892103690,dsleo,Belphe,,False
126086140846407680,dro29,dro,,False
165154775623663616,baconator3k,Baconator3k,,False
208340309980086283,thethiccwitch,TheThiccWitch,,False
810630919957774337,john8656146,john865,,False
1235406381956337797,innashi,innashi,,False
614609855419908290,_.3sth3r._,Trippie,,False
82611987091034112,ironstrom_ackure,Ironstrom,,False
1342526885485346878,waterbottlezzz.,à§»ï¼ˆË¶â‰»á†º â‰ºË¶ à­¨à­§ã¥ã€œã€œã€œ,,False
1335746431142596608,fl0fl036_79232,Fl0fl036,,False
1085367157472374814,annru028296,AnnRu02,,False
906244767657103421,hecatenyx,HecateNyx,,False
338594038980542474,fancybeans,~ ğ’¯ğ’¶ğ“Šğ“ğ’¾ğ“€ğ“€ğ‘œğ‘œğ“ƒ~,~ ğ’¯ğ’¶ğ“Šğ“ğ’¾ğ“€ğ“€ğ‘œğ‘œğ“ƒ~,False
1149369646106026025,bellaw3lla.3,bella.,,False
228381904385081355,itsmarm4r,Â°Êš ì»¤í”¼ ÉÂ° (keopi),Â°Êš ì»¤í”¼ ÉÂ° (keopi),False
538854734426013697,zaberhunter,Zaber,,False
539985654436593674,syracusa,ğŸ’—SyrağŸ’—,,False
1232922441735737386,didi0w0,Didi,,False
782739241418883092,pookiii3,Pookiiie,,False
410959978350772244,velvetpixie36,VelvetPixie,,False
397814619022032917,silidragos,silidragos,,False
175029267799736320,k3nilo,Be11o,Be11o,False
248590944004341761,wiccke,~[muzzld]~,,False
98016982665814016,suicidesin,Sinny,,False
488107382501670914,dirtiestshanuk,Dirtiestshanuk,,False
741051190455828582,idark_ghost_x,iDarK_GhOsT_X,,False
112985461936386048,nephylina,Nephylina,,False
1333175016250150914,johannesderallerechte.,Johannes der aller echte,,False
97060897289162752,dulcearma,DulceArma,,False
974926267302412309,xxxhdxxx,xXXHDXXx,,False
123707476792049664,alienpixels,ALIEN á¶ á¶¸á¶œáµáµ§â‚’áµ¤ PIXELS,,False
190948690154881024,driima,Zelda,,False
539974527975686184,aurelia_ant,~Gray~,,False
604696892315795480,zensifly.,Zensifly,,False
1320092478547820667,proxy_boy230,Youcef,,False
384847359479119882,joptimus,Joptimus,,False
178950222913863682,djlimitbreak,Limit Break,,False
1266443670211657780,wanderluc,lucius,,False
249677770379100161,zacravity,Zacravity,,False
596241725895213076,hollowmallow,HollowMallow,,False
697658421863907400,manifest_1981,Manifest,,False
1023696363252371547,wintertrue,winter,,False
1166022155423727708,experiencevr,ExperienceVR,,False
1063600440425582644,charleaqua,ğŸ¦ˆ Charle Aqua ğŸ¦ˆ,,False
623206575355723776,.deadferret,deadferret,,False
449308028936912897,isenthom,Isenthom,,False
760185793128955925,livtheunknown,"Liv,A Black Lung Creechur",,False
724219213752959018,ruby_eston,ğšğšğš‹ğš¢,,False
122799694614233091,palaegic,Vivi Got Gyatt,Vivi Got Gyatt,False
517861135936913419,minakivr,Minaki,,False
142829289883172864,simpums,simpums,,False
520638439214022683,.jinatonic,jin,,False
869846483933995028,pmph,MinzÂ³,,False
86299039309516800,mama_ru,Ru,,False
450093350448660490,solanum4,Sol,,False
923342398380204100,yuri3061,Yuri,,False
864100021736701962,martinvillette,Martin Villette,,False
110435789820674048,soundsofkookie,Kookie,,False
335661578558898176,jjfxmultimedia,JJFXVR,,False
63703632050130944,slytheshark,SlyTheShark,,False
1159291124767260732,howleister,Howleister,,False
163163067759329280,cykokat,imaginary friendo à¸…^â€¢ï»Œâ€¢^à¸…,,False
146441250617163776,oly_,"""Oly""",,False
932660698247475221,sensieluis1742,Sensie Luis,,False
945022543855751240,leahrhoades,Leah Rhoades,,False
601040066487386113,deejay.jinx,deejay.jinx,,False
177837630325653504,spyritsound,SPYRIT,,False
1119567230397591634,jasmine_pizza,Jasmine/ Pizza,,False
153661619736412161,lokimoya,lokimoya,,False
843605709613432863,scareletfox,foxyfox,,False
1335756760732143746,monaka1170,Adzuki ğ–§§,,False
316747314918064130,wonkayu,Wonkayu,,False
955517810753290300,lupin_domena,Lupin_Domena,,False
245018288919281664,eldarkfrost,ElDarkFrost,,False
251891595719213069,fearthegirth,Somewashedgamer,,False
170914233670696960,sleightlyout,Sly,,False
946756867160436756,mr_anderson_c137,FootC137,,False
590786211132604425,taia_huntercat,Taia Hunter,,False
618863887806103553,wayne120,Wayne120,,False
234207372577341440,zedprod,Zed,,False
721553177303973899,sunbeam_dream,sunbeam_dream,,False
247457112362319883,kinda.j,J.,,False
1088867086018818118,clawpawz,Misa,Misa,False
232988498704072704,viawednesday,Wednesday,,False
475193636842373120,girlespresso,Latte áƒ¦,,False
992640984888397894,kanneri,Kanneri,,False
555606024145469474,anpukai,Anpu,,False
527207876113072159,frumpyobject,Frumpy Object,,False
1059888381485662248,momokoumori,.Momo,,False
776303530972676096,krosieee,Krosie,,False
593456090549583911,zero_sins,Zero_sins,,False
954839930608185345,anotherone74,Rylie reus,,False
1370877607830356059,sonia_rw,Sonia,,False
1377451935258382346,dicesmith,Dice Smith,,False
246313352178040832,kalmenn,Bat,,False
323181271104618498,ardescar,Ardes,,False
931326043158118440,mangoguy52,Jello,,False
693347391843205140,clocks_tickin,Clocks_Tickin,,False
722444640355221594,justragey,justragey,,False
478915913782001684,jonahbot,Jonah,,False
808399722108813333,lilystorm9,rubisakura,,False
692461329180655616,yashiro1640,Yashiro,,False
1204377067886612501,eternalnebula.,â˜† â‚¬ternaÂ£ â˜†,,False
937901779520217168,agrov8,capricieux,,False
1242148293090349238,tiny1love,Tiny1love,,False
1081142661391597568,infinitely_one,infinitely_one,,False
1163515409287356427,daddy_goldenz,! Golden,,False
425419450683228161,lumiinara,Lumiinara,,False
286930646872489985,demonpup01,monstermidnight red velvet,,False
299914900715601920,softshellkrab,SoftshellKrab,,False
764697065351544863,wickedproxy,wickedproxy,,False
175304048310747137,illucio,Illucio,,False
221033981498490880,got_sylvaria,GOT_Sylvaria,,False
788979451030405120,tomboy_taylor,NÃ˜V4,,False
1267678018860617749,farhan_04874,Farhan,,False
96036106348269568,pengwin,PengWhenever,,False
900942749640040529,narytosan1,narytosan1,,False
310125453404798976,kaiafawn,Bloodbunny66,,False
333958698877845504,hamocorp,HamoCorp,,False
481277433291603977,mercuryingemini,mercuryingemini,,False
835742158241005608,tentacleprince,tentacle prince,,False
755229369999425706,xothika,Xothika,,False
224041865215737856,.c0unc1l.,C0UNC1L,,False
594231964320530444,mrsmith.,MrKater,,False
1340823950854193152,myspiritway_54692,myspiritway,,False
637685142533570609,jas5250,jas,jas,False
224760095597133824,vip854,VIP854,,False
193939827413090305,noogan,Noogan,,False
484365037864222721,his_her_mable_rose,His/Her Mable Rose,,False
666398793247490060,fear_vr,Fear,,False
143185893715345409,peritel,Peritel,,False
393692736278102016,steve1o_o1,Steve1o_01,,False
283223660859228164,kaydence83,Kaydence,,False
610913114371784888,bunnymo,Bunnymo,,False
502978153493561356,isyourboi,IsYourBoi,,False
168882854862913545,msage,! MSage,,False
384179281737154560,msgoobi,MsGoobie,,False
246510943213715457,handbanana4854,Hand Banana,,False
119945788586590208,njnagrimsdottir,*á‘á’á‘á—©*,*á‘á’á‘á—©*,False
630829746904760341,zu_kii,Zu_Kii,,False
1277615188517847061,heather_69319,heather,,False
259065723421196289,virtualilly,VirtuaLilly,,False
1395741198651625472,joy076662,joy,,False
265196233243623424,7ippy,Lippy,,False
391666783175704576,rassilion,Rassilion,,False
468075593288777740,mausvr,Maus,,False
258653139048071178,chimera_ix,Chimera IX,,False
561561733915869194,zaccke,Sakari,,False
174225622250422272,leolocks,LeoLocks,,False
130416431652274176,sereio,Sereio,,False
841020456928936018,sleeeeeigh,latte.html,,False
135194042517553152,terminaheart,TerminaHeart,,False
1335692541491675279,whimsical_gull_03137,whimsical_gull_03137,,False
175465543086768128,j_ack,(J>_AcK,,False
138681316257431553,gethian,Gethian,,False
513791424974815263,jadegreen13,JADEgreen13,,False
978541325991436298,kierrasynthetic,~Kierra~,,False
491008082382422027,mancannon2010,Mancannon,Mancannon,False
458223613431119884,garnetlynx777,ğŸ’garnetlynx777ğŸ’,,False
841623053292404778,swsclassica,swsclassica,,False
910851543207657472,tedecyber,TEDEshield,,False
851274771437191168,kakeru5821,Luckker (ã‚‹ã£ã‹ãƒ¼),,False
464931785571041281,thefinanceguy,TheFinanceGuy,,False
1330174321624088656,kelvin_00.1,Kelvin,,False
455919475540099102,damionkaneki,DamionKaneki,,False
802001818561150997,djnekomancer,DJNekomancer,,False
711612876745343018,.firebee.,ğŸª”FireBeeğŸª” (aka Grey),,False
193229985589231616,frosty_the_fox,HeyImKay,,False
691052185412304956,tlforeman,Makavelli187,,False
581885320576892938,misluni,â„’ğ“Šğ“ƒğ’¶ â˜½âœ®,,False
708756069920276561,.killingit,killing it,,False
603395316632518677,cthulahoop,cthulahoop,,False
522827021173260290,rhythmframe,Rhythm Frame,,False
774420306998591519,floofymass,Floofymass,,False
124949198624915457,yui_xing,X i n g,,False
409581263578726412,thisisackley,esACKLEY,,False
798505388709249025,mountainrainmane,MOUNTAINRAINMANE,,False
167143745261666304,_lelouch_,Femmy,Femmy,False
252961141217689610,zaeta.old,nerp,,False
183720544120602624,hunniibunny,ğ»ğ‘¢ğ‘›ğ‘›ğ‘–ğ‘–ğ‘ğ‘¢ğ‘›ğ‘›ğ‘¦,,False
1221530393216548908,ariopex,ariopex,,False
758734374119145504,touchmesama6,TouchMeSama,,False
700830629327142912,mustafaa_01,Mustafaa!,,False
250128909167755264,toneywouldgo,Toney,,False
809399141506875412,noua_heys,Noua heys,,False
1286971865759354964,anubis_227,áƒ§Å³Ê‘Å³Æ™Ä±,,False
1316605821966356573,michelle_ej3107992,michelle_ej3107992,,False
419679101666983966,kirbycutie,Kirby cutie,,False
385523000549703682,skye7734,SkyeRiverSong,,False
935408699789426778,bryanllmelodies,Ritsuko_Yuki,,False
100678873011716096,icyblaade,Icyblaade,,False
278674590547443722,mischievouskarma,MISCHIEF å •ç½ª,,False
426911207954448395,akagitsune10,Aka-Gitsune,,False
665294125746356235,narudemon,CallMeNaru~,,False
321781755348779008,crystalcookiez,Crystal,,False
305556859702738944,jflobeatbox,JFLOBEATBOX,,False
969037083882704918,.enryu.,Sappheiros,,False
949120495276671066,sussyfrastea,Sussyfras,,False
260230005018198027,xsmetx,Smet,,False
884786303953166436,lucrez.,lucrez entino braga,,False
297818504348827648,indramentalist,kurmaAsrudhara,,False
636273895795720202,fatpapidubz,fatpapidubz,,False
762054623044304916,slumpytail,Nora Nemesis,,False
247019280816799744,gregorif,Gregorif,,False
755139371107221635,shanirgb,Shani,,False
1199190379308781630,catcit_,catcit,,False
752440386999550012,sohvi.art,Sohvi,,False
648317619316981770,pinotl,Pinotl,,False
1199024384162140171,lydibug3333,Lydibug0_0,,False
147086195711672320,selari,Selari,,False
343359253873950721,pancakedeawesome,Pancake,,False
83559295286771712,trylobot,TÌŠÌ²rÌÌ¡Ì¤yÍ§Ì¸Ì¯lÌ…Ì›ÍoÌ‡Í€ÌªbÌÍÌ™oÍ’ÍœÌ³tÒ‰â›§,,False
403362445067812864,knight.ryder,Knight Ryder,,False
206080758962585611,vividminds,Vivid,,False
187828524793593856,reifactor,reifactor,,False
417484079827517442,davethedoublegeek,DaveTheGeek,,False
1096742748234711090,myspiritway,MySpiritWay,,False
234442172852731904,scolly,Scolly,,False
545852719957540876,._goodmood_.,GoodMood,,False
550549894419709972,matthew9475,metaversedance,,False
364778249085255681,_.sal_.,ï¼³ï¼¡ï¼¬,,False
117660590280933378,purplehydra,Hydra,,False
326828325467062282,lonelythinker,lonelythinker,,False
958494333928087622,jaqueeb9008,jaqueeb,,False
163693789351903232,_brosuke_,ğŸ¤¡Br0zenğŸ¤¡,,False
479531688880373760,zararosev,ZaraRose,,False
337106741252718592,skootaboss,skootaboss,,False
1085831111227224114,qyodtheone,Qyod,,False
194152342587834368,jaapgrolleman,Jaapé›…æ™®,,False
1032449233657266216,chanell71,Chanell,,False
395766886782074900,quique8921,Magachi,,False
651746753007058944,spiritstarpaw,Deamoness Dream,,False
398780627710771201,xee_xee,Xee,,False
567939663214673933,civilcyber,CybeÊ€,,False
450122537079144461,rentednoodle,RentedNoodle,,False
1262290492524068937,juzsy_,Juzsy,,False
609402662638715033,unicornamazing,UnicornAmazing,,False
338596751697117186,_thefourcount,4,,False
148388754044747776,tarkus_,'TarKus',,False
686914103804952589,roguewitxh,roguewitxh,,False
236255485127426048,neoseiko,Neoseiko,,False
1235158624154681394,yanine_d,CyberCitizen,,False
429324384046415884,yoreaveltwyn,Twyn,,False
1136421820107587664,ren_the_sith,Ren,,False
97164697085681664,baroes,Baroes,,False
404796464989208577,riddles44oc,Riddles,,False
938631733950173195,jessthered,jess,,False
331520226413903873,vydina,É„É³É¯É¸Ê‰É³É— á—¬É¸É© É© â™±,,False
67119430563278848,airi_maibito,Airi~,,False
287418533166710787,ishkell,Ishkell,,False
529695223094312980,.izzybell,Izzybell,,False
808393254055444490,xpamcakesx,XPamcakesX,,False
152784059469135872,midnight_blade,Midnight_Blade,,False
1059979607383736361,miyuno.exe,Wolfie,Wolfie,False
807795579589623849,redlegend0145,Red Legend,,False
534730011614117889,zoommair,Zoommair,,False
356529757770481665,spaghettioooh,ProfessorK,ProfessorK,False
965281440046653512,shyrivers,SunflowerAnna,,False
713798194747670609,moonwuzy,Moonwuzy,,False
850308519118766082,nathjeto1406,NJTTJN,,False
1178569353864695838,jcav3,Cav,,False
386991417073074176,omfghello,omfg hello,,False
1236910209117585418,mayosoapy2004,MayoSophie2004,,False
147237351788118018,_ratpunk,ratpunkğŸŒˆ,ratpunkğŸŒˆ,False
718150787670212759,skulteran,Skulteran,,False
289747858029150210,_lifi,L I F I,,False
1264955756927647816,hazeltheghost,ğ–¤ â„Œğ”ğ”·ğ”¢ğ”©ğ”—ğ”¥ğ”¢ğ”Šğ”¥ğ”¬ğ”°ğ”±â€Š ğ–¤,,False
1120760096499179632,tauxikkoon,~jeshire~,,False
95313747517636608,oky,JustWinter,JustWinter,False
138483401609969664,brookeharriet_,brookeharriet_,,False
521111253473558529,loveuniversal7,LoveUniversal7,,False
151051108373102593,masotato,MasoTato,,False
526222952912388097,lattay_,ğ’¿ğ’¶ğ’¹ğ‘’ â™¡,,False
155131622956466176,a_roomba,A_Roomba,,False
1388864157939400865,emmanuel068896,Emmanuel,,False
1353754311317917718,incredible_possum_15546,omx,,False
717696843047501925,nokushiariki,Nokus,,False
81398214934134784,invalidname,Jaceypennyz,,False
331194552691982337,necramancy,Necramancy,,False
1197889104252239962,delionao1,Qivi Nessa,,False
236957161178136587,olak1s0,Olak1s0,,False
510003485417275393,sillybit666,sillybit,,False
256827049694461953,sailorgoosie,Sailor Goosie,,False
792804055772561439,soulblazer01,SoulBlazer01,,False
772430435169861633,saeedclick,â˜†*:.ï½¡.á¹œğ’†Ä“áµˆáµ’áµ£.ï½¡.:*â˜†,,False
310445727467700227,_doctorblue,DrBlue47,,False
399522260723040276,faleebo,Falee,,False
156298215971487745,battleman96,battleman96,,False
333392362959142913,mechax69,Mecha X the masked gamer,,False
264661389732347905,wololo69,MrAlienPoop,,False
916722334629527562,pixel_max_318,PixelMax,,False
818320316174041089,exterus,ğ¨ğ¬ğ©ğ¨ğ˜ğ—¨ğ—¦,,False
652350434966634526,georgebraham,Georgebraham,,False
1399357486846312578,abdulrosheed0294,Abdulrosheed,,False
594762688974815233,charhigh1,Char,,False
209711249343119360,mionsa,Mi'onsa,,False
429231435631689728,miscellaneousbowl,MIScellaneous Bowl,,False
535367355346321430,manachicken,ã€ŠMANAã€‹,,False
228268048291856384,lifenna,Life,,False
818375523796516894,daze7798,Daze,,False
462471145132785677,psychotechvr,PsychotechVR,,False
192118202799489024,jevs492,Jevs,,False
1101077078054551684,bambi420.,Bambi420,,False
1345841557378437161,captndanbot_68684,CaptnDanBot,,False
268213308740337664,kittygoesmew,KittyGoesMEW,,False
877875687141310495,cressida_26,ğŸª  ğŸ€  ğ’¸ğ“‡ğ‘’ğ“ˆğ“ˆğ’¾ğ’¹ğ’¶  ğŸ€  ğŸª,,False
1273632485116350570,michelle046122,Michelle,,False
244624574702944257,deadlynightling,DeadlyNightling,,False
146032160925548545,source1029,Source,,False
536486829181108244,blacktheedible,Black,,False
465472541235085334,blooddrunker,BloodDrunker,,False
126535970010038272,pikapetey,pikapetey,,False
430449709791051776,tobimarz,tobi,,False
1194975271934242968,jill_childress0be9ef46,Kim Cook,,False
441685918815092756,realorochihanma,Orochi,,False
108755329784741888,.simontemplar,SimonTemplar,,False
122474112290521091,.dabs,MidnightDeebs,,False
276853534648172556,manamelody,Mana Melody,,False
485901968553017355,benihanas,beveni.,,False
164945860864507906,fandidlytastic,Autumn,,False
246852491659051010,judgbin,Judgbin,,False
657411650827190310,nobodystar,NobodyStar,,False
122412533800763392,onehitpunch,Punch,,False
337508899232022529,minami0488,Minnami,Minnami,False
700680489182167090,fantasia1375,Fantasia,,False
1266111090979508324,popinpete._11178,Popin pete,,False
271987785471229952,olikan0l1,OllyKay,OllyKay,False
146848144200564738,meowmixnomnoms,MeowJugar,,False
456673820716302360,itsblush,Blush,,False
596412600091279372,pa3ot8147,pa3ot,,False
1224900575066591363,gamer_girl121,Hikari,,False
282656632356208641,daveee,daveee,,False
178145436559867904,vteacup,Teacup,,False
202623838859558912,badnicc,nicc,,False
190915373174882305,synataph,Synataph,,False
1393964016476618965,automatexcelflow,Automate excelflow,,False
137714536177205249,deityanubis,DeityAnubis,,False
345843894144991232,cryogoddess707,Cryo,,False
169538622884806657,risumofficial,Risum,,False
958242812183318608,assistance8623,Assistance,,False
1229606416332095530,lexi_bytes,Lexi,,False
1275314726225842212,scruffpuppie_,scruffpuppie,,False
1258959482713669672,pruittmid,Midnight,,False
396237036874366986,tykers,Tykers,,False
159395077091885056,fubuki69,Fubuki,,False
1117434492441858068,amethice,Ice,,False
1366385409403256834,dannty_0098,DANNTY,,False
888472281603534908,fatalzodiac,FatalZodiac,,False
191322834599936001,ghosttowntunes,WillBros,,False
857123831939465216,coffeeisoverated,Hazelnut,,False
497759063074013185,mochi_ultrabun,L.Nevermore,,False
325830164086915072,iimazikeen,iiMazikeen,,False
349439519013076992,chrisvenusangel,Chris Venus Angel,,False
236868764782559242,comrade_headcrab,Comrade_Headcrab,,False
1062052750222970972,riketsu,Midnight,,False
1208103936590880809,crownedxp,CROWN,,False
806707581560946698,icarusscorpion,Darth Ronin,,False
1383054336019533844,sparkling_fox_28268,adsasddassad,,False
719326924127731763,untameable_343,áš áš±á›–á›ƒáš¨,,False
959748368538669056,kozykozy,Kozy^^,,False
1200233686247952474,sophia_79122,Sophia,,False
1063573805160747068,.dayhawk,ğŸœƒdayhawk,,False
190651705619251210,thevoideternal,VoidEternal,,False
919651458746568734,guyy1000,Guyy1000,,False
1017615154176860241,oishiimochii,Delicious Mochi,,False
1244355564696375349,plikplokdance,PLIK PLOK,,False
1144479827450142811,vampirebdsm,VÊŒÉ±Ï,,False
551334824997289987,syphinm,Syphinm,,False
179320201068675072,bbotics,B-Botics,,False
177603822364000257,lego__,Lego,,False
134119217304698880,it.soup,soup,,False
1384332887423320164,cbass0264,CbassğŸ•‰ğŸŸâ™Œ,,False
549419149709803549,empathyon,Empathyon,,False
929953935542845561,neldy_vr,NELDY,,False
335931893130461184,bagelcakezz,BagelCakezz,,False
581791956850442261,daddyjohnson,daddyjohnson,,False
195285889180631040,theunknowncorner,The Unknown Corner,,False
101157018642944000,ronn,ronn,,False
207757204806303746,floppywaffle.,FloppyWaffle,,False
618324796027174912,ham.burger,ham,,False
130998738003951616,qtfloof,Floof,,False
292442112354418698,primalforce01,PrimalForce,,False
292026347633770506,_chich_,Chich,,False
82988265862336512,.loadster,.Loadster,,False
595041995487969321,baebu,Baebu,,False
863884214951870496,yarku.,Yarku,,False
1316885998260588565,nere08210,Nere,,False
331857767503626261,tom2609,tom2609,,False
333773755648311296,jettybandit,Jettybandit,,False
945715285846024192,djcrossfade1200,CrossFade 1200,,False
348221651671973888,eexotic_reaper,Dylon(ãƒ€ã‚¤ãƒ­ãƒ³),,False
167843790973960194,dlczer,DLCzer,,False
1265246005411053681,bboy.jin,JIN,,False
1361418450219565207,sankashti,sankashti,,False
692926265405079632,regen2moon,K3N,,False
345023182882865152,wylda,WYLDA,,False
186195810990555137,iamoreo,OREO,,False
206901097305079812,imthefragger,Imthefragger,,False
1282071565697155103,keepyr,keepyr,,False
1196463926397902860,ferrousoxide,Ferrous Oxide,,False
121156765650780162,longshotllama,LongshotLlama,,False
160082419783827456,zortarf,Zortarf,,False
413345571500458012,lunaqua,LunAqua,,False
889939668123156551,peppercornz,Peppercorn,,False
535096452322689024,corvinaravenheart,Ravenheart,,False
1089374575919386624,popa_j,Papa_j88,,False
213713932852920330,senko.san,Senko,,False
168965619725631488,blushingpink,Minty,,False
975490363773059155,skullhorn59,â‹†.Ëšâœ® Skully âœ®Ëš.â‹†,,False
221647110380978176,arioxep,Arioxep,,False
293462873508937728,lyuma,Lyuma,,False
919370367645143101,sparklefwuffers,Fluffy,,False
413508608664535041,charlsier,CharlsieR,,False
372674749085646849,abbz_,Abbz_,,False
1243259112096137316,drdayton_king,Doctor_DaytonVT,,False
500271224816009217,smis.,Smis,,False
1362321848309649460,kotkott._40772,Kotkott,,False
324903014882082820,wilkkylar,wilkkylar,,False
694662066434211930,blueeyespark,Blueeyespark,,False
120745895674380289,lina_gabrielle,Lina - Rebuilt,,False
1081523617021579294,camu292,â¤Camuâ¤,,False
173671498744070144,luckywulf,LuckyWulf,,False
850845794679652373,lavbon,ğŸ«§LaviathanğŸª,,False
219381986681159680,aaldrik,Aaldrik,,False
705533878919757835,crashyzushie,Crashyzushie,,False
963552177123622963,nyxet,HÎâœ˜âœ˜Â·Cyn,,False
119493641944170496,kylerokukyu,KyleRokuKyu,,False
151904094074699776,subyss,AbÉ˜l,,False
922747689341431918,connieplays2004,ConniePlays,,False
381317688120836097,deathmetalkitty,DeathMetalClownKitty,,False
504462783576932353,maria_kunkel,Maria,,False
142369170506383360,shifeng,Shi Feng,,False
682446780289646622,vr_jesus,Mina,,False
114100988427763714,therunningruski,therunningruski,,False
616298573797261332,wolfmanjones88,Wolfmanjones88,,False
861591099445739610,hootingowls,Hooting,,False
397830659235774483,cou.lor,be:ta / Lis,,False
699933716415512616,astrild,Astrild,,False
